{
  "generatedAt": "2026-05-29T04:43:00.183Z",
  "mode": "analytic-expected-value",
  "trialsPerTarget": 0,
  "targets": [
    99,
    199,
    299,
    399
  ],
  "segments": [
    {
      "target": 99,
      "trials": 0,
      "meanMs": 2352785662.622767,
      "p25Ms": 2352785662.622767,
      "p50Ms": 2352785662.622767,
      "p75Ms": 2352785662.622767,
      "p95Ms": 2352785662.622767,
      "meanAttempts": 0
    },
    {
      "target": 199,
      "trials": 0,
      "meanMs": 7058356987.868301,
      "p25Ms": 7058356987.868301,
      "p50Ms": 7058356987.868301,
      "p75Ms": 7058356987.868301,
      "p95Ms": 7058356987.868301,
      "meanAttempts": 0
    },
    {
      "target": 299,
      "trials": 0,
      "meanMs": 16469499638.35937,
      "p25Ms": 16469499638.35937,
      "p50Ms": 16469499638.35937,
      "p75Ms": 16469499638.35937,
      "p95Ms": 16469499638.35937,
      "meanAttempts": 0
    },
    {
      "target": 399,
      "trials": 0,
      "meanMs": 35291784939.34151,
      "p25Ms": 35291784939.34151,
      "p50Ms": 35291784939.34151,
      "p75Ms": 35291784939.34151,
      "p95Ms": 35291784939.34151,
      "meanAttempts": 0
    }
  ],
  "cumulativeAnchors": {
    "30": 41013425,
    "50": 134552750,
    "99": 2352785663,
    "199": 7058356987.868301,
    "299": 16469499638.35937
  },
  "perCycleMeanMs": [
    2352785662.622767,
    4705571325.245534,
    9411142650.491068,
    18822285300.982136
  ],
  "cycle0": {
    "timeToReachByLevel": {
      "0": 0,
      "10": 2755000,
      "20": 14974100,
      "30": 41013425,
      "40": 80872975,
      "50": 134552750,
      "51": 140680840,
      "52": 146947132,
      "60": 299114974,
      "70": 581251415,
      "75": 755070397,
      "80": 959097637,
      "90": 1529747690,
      "95": 1939247307,
      "99": 2352785663
    },
    "perLevelAttemptMs": {
      "0": 10000,
      "10": 600000,
      "30": 3364045,
      "51": 6266292,
      "52": 6404494,
      "60": 7510112,
      "75": 9583146,
      "90": 11656180,
      "99": 12900000
    },
    "probsPct": {
      "0": {
        "success": 10000,
        "down": 0,
        "hold": 0
      },
      "10": {
        "success": 10000,
        "down": 0,
        "hold": 0
      },
      "30": {
        "success": 7000,
        "down": 0,
        "hold": 3000
      },
      "51": {
        "success": 5000,
        "down": 0,
        "hold": 5000
      },
      "52": {
        "success": 4800,
        "down": 800,
        "hold": 4400
      },
      "60": {
        "success": 4200,
        "down": 1200,
        "hold": 4600
      },
      "75": {
        "success": 4000,
        "down": 1500,
        "hold": 4500
      },
      "90": {
        "success": 3000,
        "down": 1500,
        "hold": 5500
      },
      "99": {
        "success": 2500,
        "down": 1500,
        "hold": 6000
      }
    }
  },
  "cycles": [
    {
      "cycle": 0,
      "timeMultiplier": 1,
      "reachToLast99Ms": 2352785662.622767,
      "perCycle99Ms": 2352785662.622767
    },
    {
      "cycle": 1,
      "timeMultiplier": 2,
      "reachToLast99Ms": 7058356987.868301,
      "perCycle99Ms": 4705571325.245534
    },
    {
      "cycle": 2,
      "timeMultiplier": 4,
      "reachToLast99Ms": 16469499638.35937,
      "perCycle99Ms": 9411142650.491068
    },
    {
      "cycle": 3,
      "timeMultiplier": 8,
      "reachToLast99Ms": 35291784939.34151,
      "perCycle99Ms": 18822285300.982136
    }
  ],
  "anchorTargetsMs": {
    "30": 86400000,
    "50": 259200000,
    "99": 2419200000
  }
}
