{
  "generatedAt": "2026-05-24T16:59:20.263Z",
  "mode": "analytic-expected-value",
  "trialsPerTarget": 0,
  "targets": [
    99,
    199,
    299,
    399
  ],
  "segments": [
    {
      "target": 99,
      "trials": 0,
      "meanMs": 2413852450.320023,
      "p25Ms": 2413852450.320023,
      "p50Ms": 2413852450.320023,
      "p75Ms": 2413852450.320023,
      "p95Ms": 2413852450.320023,
      "meanAttempts": 0
    },
    {
      "target": 199,
      "trials": 0,
      "meanMs": 7241557350.96007,
      "p25Ms": 7241557350.96007,
      "p50Ms": 7241557350.96007,
      "p75Ms": 7241557350.96007,
      "p95Ms": 7241557350.96007,
      "meanAttempts": 0
    },
    {
      "target": 299,
      "trials": 0,
      "meanMs": 16896967152.240162,
      "p25Ms": 16896967152.240162,
      "p50Ms": 16896967152.240162,
      "p75Ms": 16896967152.240162,
      "p95Ms": 16896967152.240162,
      "meanAttempts": 0
    },
    {
      "target": 399,
      "trials": 0,
      "meanMs": 36207786754.80035,
      "p25Ms": 36207786754.80035,
      "p50Ms": 36207786754.80035,
      "p75Ms": 36207786754.80035,
      "p95Ms": 36207786754.80035,
      "meanAttempts": 0
    }
  ],
  "cumulativeAnchors": {
    "30": 56937875,
    "50": 159997475,
    "99": 2413852450,
    "199": 7241557350.96007,
    "299": 16896967152.240162
  },
  "perCycleMeanMs": [
    2413852450.320023,
    4827704900.640046,
    9655409801.280092,
    19310819602.560184
  ],
  "cycle0": {
    "timeToReachByLevel": {
      "0": 0,
      "10": 5959090,
      "20": 24938380,
      "30": 56937875,
      "40": 101957575,
      "50": 159997475,
      "51": 166517576,
      "52": 173167879,
      "60": 333031408,
      "70": 624893357,
      "75": 802917377,
      "80": 1010707366,
      "90": 1587667552,
      "95": 1999356104,
      "99": 2413852450
    },
    "perLevelAttemptMs": {
      "0": 10000,
      "10": 1312020,
      "30": 3916061,
      "51": 6650303,
      "52": 6780505,
      "60": 7822121,
      "75": 9775152,
      "90": 11728182,
      "99": 12900000
    },
    "probsPct": {
      "0": {
        "success": 10000,
        "down": 0,
        "hold": 0
      },
      "10": {
        "success": 10000,
        "down": 0,
        "hold": 0
      },
      "30": {
        "success": 7000,
        "down": 0,
        "hold": 3000
      },
      "51": {
        "success": 5000,
        "down": 0,
        "hold": 5000
      },
      "52": {
        "success": 4800,
        "down": 800,
        "hold": 4400
      },
      "60": {
        "success": 4200,
        "down": 1200,
        "hold": 4600
      },
      "75": {
        "success": 4000,
        "down": 1500,
        "hold": 4500
      },
      "90": {
        "success": 3000,
        "down": 1500,
        "hold": 5500
      },
      "99": {
        "success": 2500,
        "down": 1500,
        "hold": 6000
      }
    }
  },
  "cycles": [
    {
      "cycle": 0,
      "timeMultiplier": 1,
      "reachToLast99Ms": 2413852450.320023,
      "perCycle99Ms": 2413852450.320023
    },
    {
      "cycle": 1,
      "timeMultiplier": 2,
      "reachToLast99Ms": 7241557350.96007,
      "perCycle99Ms": 4827704900.640046
    },
    {
      "cycle": 2,
      "timeMultiplier": 4,
      "reachToLast99Ms": 16896967152.240162,
      "perCycle99Ms": 9655409801.280092
    },
    {
      "cycle": 3,
      "timeMultiplier": 8,
      "reachToLast99Ms": 36207786754.80035,
      "perCycle99Ms": 19310819602.560184
    }
  ],
  "anchorTargetsMs": {
    "30": 86400000,
    "50": 259200000,
    "99": 2419200000
  }
}
